<?xml version="1.0" encoding="utf-8"?>
<manifest identifier="oYABvB7HqWYRx" xmlns="http://www.imsglobal.org/xsd/imscp_v1p1" xmlns:imsss="http://www.imsglobal.org/xsd/imsss" xmlns:adlcp="http://www.adlnet.org/xsd/adlcp_v1p3" xmlns:adlseq="http://www.adlnet.org/xsd/adlseq_v1p3" xmlns:adlnav="http://www.adlnet.org/xsd/adlnav_v1p3" xmlns:lom="http://ltsc.ieee.org/xsd/LOM" xmlns:xsi="http://www.w3.org/2001/XMLSchema-instance" xsi:schemaLocation="http://www.imsglobal.org/xsd/imscp_v1p1 imscp_v1p1.xsd http://www.imsglobal.org/xsd/imsss imsss_v1p0.xsd http://www.adlnet.org/xsd/adlcp_v1p3 adlcp_v1p3.xsd http://www.adlnet.org/xsd/adlseq_v1p3 adlseq_v1p3.xsd http://www.adlnet.org/xsd/adlnav_v1p3 adlnav_v1p3.xsd http://ltsc.ieee.org/xsd/LOM lom.xsd">
<metadata>
<schema>ADL SCORM</schema>
<schemaversion>2004 4th Edition</schemaversion>
<lom:lom>
<lom:general>
<lom:title>
<lom:string>Модуль 3 KPI и эффективность — как ставить цели и управлять мотивацией</lom:string>
</lom:title>
</lom:general>
<lom:educational>
<lom:typicalLearningTime>
<lom:duration>PT1H0M0S</lom:duration>
</lom:typicalLearningTime>
</lom:educational>
</lom:lom>
</metadata>
<organizations default="oYABvB7HqWYRx_organization">
<organization identifier="oYABvB7HqWYRx_organization">
<title>Модуль 3 KPI и эффективность — как ставить цели и управлять мотивацией</title>
<item identifier="DE8304CC-B8C0-4547-BE73-4CF010E92B61" identifierref="resource">
<title>Модуль 2 Формула справедливой зарплаты грейды и вилки без мифов</title>
<imsss:sequencing>
<imsss:deliveryControls completionSetByContent="true" objectiveSetByContent="true"/>
</imsss:sequencing>
</item>
<imsss:sequencing>
<imsss:controlMode flow="true"/>
</imsss:sequencing>
</organization>
</organizations>
<resources>
<resource identifier="resource" type="webcontent" adlcp:scormType="sco" href="res/index.html">
<file href="res/index.html"/>
<file href="res/lms.js"/>
<file href="res/data/thmb1.png"/>
<file href="res/data/slide1.js"/>
<file href="res/data/slide1.css"/>
<file href="res/data/thmb2.png"/>
<file href="res/data/slide2.js"/>
<file href="res/data/slide2.css"/>
<file href="res/data/thmb3.png"/>
<file href="res/data/slide3.js"/>
<file href="res/data/slide3.css"/>
<file href="res/data/thmb4.png"/>
<file href="res/data/slide4.js"/>
<file href="res/data/slide4.css"/>
<file href="res/data/thmb5.png"/>
<file href="res/data/slide5.js"/>
<file href="res/data/slide5.css"/>
<file href="res/data/thmb6.png"/>
<file href="res/data/quiz1.js"/>
<file href="res/data/quiz1/fonts/fnt0.woff"/>
<file href="res/data/quiz1/fonts/fnt1.woff"/>
<file href="res/data/quiz1/fonts/fnt2.woff"/>
<file href="res/data/quiz1/fonts/fnt3.woff"/>
<file href="res/data/quiz1/images/quiz_bg_0.png"/>
<file href="res/data/thmb7.png"/>
<file href="res/data/quiz2.js"/>
<file href="res/data/quiz2/fonts/fnt0.woff"/>
<file href="res/data/quiz2/fonts/fnt1.woff"/>
<file href="res/data/quiz2/fonts/fnt2.woff"/>
<file href="res/data/quiz2/fonts/fnt3.woff"/>
<file href="res/data/quiz2/fonts/fnt4.woff"/>
<file href="res/data/quiz2/fonts/fnt5.woff"/>
<file href="res/data/quiz2/images/quiz_bg_0.png"/>
<file href="res/data/thmb8.png"/>
<file href="res/data/intr1.js"/>
<file href="res/data/intr1/fonts/fnt0.woff"/>
<file href="res/data/intr1/fonts/fnt1.woff"/>
<file href="res/data/intr1/fonts/fnt2.woff"/>
<file href="res/data/intr1/fonts/fnt3.woff"/>
<file href="res/data/intr1/fonts/fnt4.woff"/>
<file href="res/data/intr1/fonts/fnt5.woff"/>
<file href="res/data/intr1/images/img-1ac1a1aa2f573618a1de6dbe7542aced8886021d.png"/>
<file href="res/data/intr1/images/img-28fd2444ee369d5836d82d944aab1aca384171f5.png"/>
<file href="res/data/intr1/images/img-33af3af149c73b1e9f8097c04723036d6f0a6e3d.png"/>
<file href="res/data/intr1/images/img-be07685cbaef26a94ee76d197ea1e16579846cdb.png"/>
<file href="res/data/intr1/images/interaction_bg_0.png"/>
<file href="res/data/thmb9.png"/>
<file href="res/data/quiz3.js"/>
<file href="res/data/quiz3/fonts/fnt0.woff"/>
<file href="res/data/quiz3/fonts/fnt1.woff"/>
<file href="res/data/quiz3/fonts/fnt2.woff"/>
<file href="res/data/quiz3/fonts/fnt3.woff"/>
<file href="res/data/quiz3/fonts/fnt4.woff"/>
<file href="res/data/quiz3/fonts/fnt5.woff"/>
<file href="res/data/quiz3/images/img-b23636383976cbd817f064f68b0139416512993d.png"/>
<file href="res/data/quiz3/images/quiz_bg_0.png"/>
<file href="res/data/thmb10.png"/>
<file href="res/data/slide10.js"/>
<file href="res/data/slide10.css"/>
<file href="res/data/thmb11.png"/>
<file href="res/data/quiz4.js"/>
<file href="res/data/quiz4/fonts/fnt0.woff"/>
<file href="res/data/quiz4/fonts/fnt1.woff"/>
<file href="res/data/quiz4/fonts/fnt2.woff"/>
<file href="res/data/quiz4/fonts/fnt3.woff"/>
<file href="res/data/quiz4/images/quiz_bg_0.png"/>
<file href="res/data/thmb12.png"/>
<file href="res/data/slide12.js"/>
<file href="res/data/slide12.css"/>
<file href="res/data/quizplayer.js"/>
<file href="res/data/intplayer1.js"/>
<file href="res/index.html"/>
<file href="res/data/player.js"/>
<file href="res/data/eraser.cur"/>
<file href="res/data/highlighter.cur"/>
<file href="res/data/marker.cur"/>
<file href="res/data/lock.cur"/>
<file href="res/data/browsersupport.js"/>
<file href="res/data/apple-touch-icon.png"/>
<file href="res/data/favicon.ico"/>
<file href="res/data/fnt0.woff"/>
<file href="res/data/fnt1.woff"/>
<file href="res/data/fnt10.woff"/>
<file href="res/data/fnt2.woff"/>
<file href="res/data/fnt3.woff"/>
<file href="res/data/fnt4.woff"/>
<file href="res/data/fnt5.woff"/>
<file href="res/data/fnt6.woff"/>
<file href="res/data/fnt7.woff"/>
<file href="res/data/fnt8.woff"/>
<file href="res/data/fnt9.woff"/>
<file href="res/data/html5-unsupported.html"/>
<file href="res/data/img0.png"/>
<file href="res/data/img1.png"/>
<file href="res/data/img10.png"/>
<file href="res/data/img11.png"/>
<file href="res/data/img12.png"/>
<file href="res/data/img13.jpg"/>
<file href="res/data/img14.jpg"/>
<file href="res/data/img15.png"/>
<file href="res/data/img16.jpg"/>
<file href="res/data/img17.png"/>
<file href="res/data/img18.jpg"/>
<file href="res/data/img19.png"/>
<file href="res/data/img2.jpg"/>
<file href="res/data/img20.png"/>
<file href="res/data/img21.png"/>
<file href="res/data/img22.png"/>
<file href="res/data/img23.png"/>
<file href="res/data/img24.png"/>
<file href="res/data/img25.png"/>
<file href="res/data/img26.png"/>
<file href="res/data/img27.png"/>
<file href="res/data/img28.png"/>
<file href="res/data/img29.png"/>
<file href="res/data/img3.png"/>
<file href="res/data/img30.png"/>
<file href="res/data/img31.png"/>
<file href="res/data/img32.png"/>
<file href="res/data/img33.png"/>
<file href="res/data/img34.png"/>
<file href="res/data/img35.png"/>
<file href="res/data/img36.png"/>
<file href="res/data/img37.png"/>
<file href="res/data/img38.png"/>
<file href="res/data/img39.png"/>
<file href="res/data/img4.png"/>
<file href="res/data/img5.png"/>
<file href="res/data/img6.png"/>
<file href="res/data/img7.png"/>
<file href="res/data/img8.png"/>
<file href="res/data/img9.png"/>
</resource>
</resources>
</manifest>
